{"cameraMode":{"drawMode":0,"name":"Shaded","section":"Shading Mode"},"sceneLighting":false,"audioPlay":false,"sceneViewState":{"showFog":true,"showMaterialUpdate":false,"showSkybox":false,"showFlares":true,"showImageEffects":true,"showParticleSystems":true},"in2DMode":false,"pivot":{"x":5.000001430511475,"y":1.297255516052246,"z":19.972755432128908},"rotation":{"x":0.005540990270674229,"y":-0.6738999485969544,"z":0.00505434162914753,"w":0.738784670829773},"size":1.3715287446975709,"orthographic":false}