{"cameraMode":{"drawMode":0,"name":"Shaded","section":"Shading Mode"},"sceneLighting":false,"audioPlay":false,"sceneViewState":{"showFog":true,"showMaterialUpdate":false,"showSkybox":false,"showFlares":true,"showImageEffects":true,"showParticleSystems":true},"in2DMode":false,"pivot":{"x":-0.22732508182525636,"y":-0.24348153173923493,"z":-14.790057182312012},"rotation":{"x":0.09090680629014969,"y":-0.6832027435302734,"z":0.08633460104465485,"w":0.7193980813026428},"size":3.977642059326172,"orthographic":true}