{"cameraMode":{"drawMode":0,"name":"Shaded","section":"Shading Mode"},"sceneLighting":false,"audioPlay":false,"sceneViewState":{"showFog":true,"showMaterialUpdate":false,"showSkybox":false,"showFlares":true,"showImageEffects":true,"showParticleSystems":true},"in2DMode":false,"pivot":{"x":-7.034552574157715,"y":1.330824613571167,"z":-1.8031986951828004},"rotation":{"x":0.11369716376066208,"y":-0.1455090194940567,"z":0.0170136746019125,"w":0.9828143119812012},"size":6.2761735916137699,"orthographic":false}