{"cameraMode":{"drawMode":0,"name":"Shaded","section":"Shading Mode"},"sceneLighting":true,"audioPlay":false,"sceneViewState":{"showFog":true,"showMaterialUpdate":false,"showSkybox":true,"showFlares":true,"showImageEffects":true,"showParticleSystems":true},"in2DMode":false,"pivot":{"x":-28.501178741455079,"y":-18.124874114990236,"z":-19.794315338134767},"rotation":{"x":-0.059357382357120517,"y":0.9189293384552002,"z":-0.15223151445388795,"w":-0.3595222234725952},"size":45.21119689941406,"orthographic":false}