{"cameraMode":{"drawMode":0,"name":"Shaded","section":"Shading Mode"},"sceneLighting":false,"audioPlay":false,"sceneViewState":{"showFog":true,"showMaterialUpdate":false,"showSkybox":false,"showFlares":true,"showImageEffects":true,"showParticleSystems":true},"in2DMode":false,"pivot":{"x":-5.651852130889893,"y":0.06724493950605393,"z":-14.934452056884766},"rotation":{"x":0.07620315998792649,"y":-0.7980095744132996,"z":0.1032753586769104,"w":0.5888344049453735},"size":4.956864833831787,"orthographic":false}