{"cameraMode":{"drawMode":0,"name":"Shaded","section":"Shading Mode"},"sceneLighting":false,"audioPlay":false,"sceneViewState":{"showFog":true,"showMaterialUpdate":false,"showSkybox":false,"showFlares":true,"showImageEffects":true,"showParticleSystems":true},"in2DMode":false,"pivot":{"x":1.1100013256072999,"y":1.2913222312927247,"z":20.549652099609376},"rotation":{"x":0.015777891501784326,"y":-0.9828329682350159,"z":0.10121322423219681,"w":0.1545838713645935},"size":1.3949720859527588,"orthographic":false}