{"cameraMode":{"drawMode":0,"name":"Shaded","section":"Shading Mode"},"sceneLighting":false,"audioPlay":false,"sceneViewState":{"showFog":true,"showMaterialUpdate":false,"showSkybox":false,"showFlares":true,"showImageEffects":true,"showParticleSystems":true},"in2DMode":false,"pivot":{"x":-2.8469038009643556,"y":-0.5923733711242676,"z":13.585108757019043},"rotation":{"x":0.06861154735088349,"y":-0.9164612293243408,"z":0.1790100336074829,"w":0.35124388337135317},"size":8.795095443725586,"orthographic":false}