{"cameraMode":{"drawMode":0,"name":"Shaded","section":"Shading Mode"},"sceneLighting":true,"audioPlay":false,"sceneViewState":{"showFog":true,"showMaterialUpdate":false,"showSkybox":true,"showFlares":true,"showImageEffects":true,"showParticleSystems":true},"in2DMode":false,"pivot":{"x":0.979278564453125,"y":3.476297616958618,"z":-2.7738282680511476},"rotation":{"x":0.15031830966472627,"y":0.024355430155992509,"z":-0.003539212979376316,"w":0.9885528087615967},"size":9.8602876663208,"orthographic":false}