{"cameraMode":{"drawMode":0,"name":"Shaded","section":"Shading Mode"},"sceneLighting":false,"audioPlay":false,"sceneViewState":{"showFog":true,"showMaterialUpdate":false,"showSkybox":false,"showFlares":true,"showImageEffects":true,"showParticleSystems":true},"in2DMode":false,"pivot":{"x":-6.000534534454346,"y":4.869993209838867,"z":-0.2982255220413208},"rotation":{"x":0.11369716376066208,"y":-0.1455090194940567,"z":0.0170136746019125,"w":0.9828143119812012},"size":10.791545867919922,"orthographic":false}